name,layer,head,group,both,sink_change,tv_B_common,tv_C_common_clean
L1H5,1,5,sink rises,True,0.05079434812068939,0.273,0.372
L1H7,1,7,sink rises,True,0.07168610394001007,0.244,0.47100000000000003
L7H7,7,7,sink rises,True,0.3072519898414612,0.513,0.505
L9H11,9,11,sink rises,True,0.13174203038215637,0.316,0.30200000000000005
L10H11,10,11,sink rises,True,0.2523227334022522,0.439,0.5230000000000001
L11H1,11,1,sink rises,True,0.14427533745765686,0.26499999999999996,0.257
L11H3,11,3,sink rises,True,0.12361246347427368,0.28500000000000003,0.25
L2H1,2,1,sink rises,False,0.0945168137550354,0.243,0.19399999999999998
L2H6,2,6,sink rises,False,0.05019716918468475,0.09899999999999998,0.20900000000000002
L3H6,3,6,sink rises,False,0.04291939362883568,0.14900000000000002,0.24300000000000005
L7H11,7,11,sink rises,False,0.0807524174451828,0.214,0.19000000000000003
L10H4,10,4,sink rises,False,0.09461173415184021,0.18600000000000005,0.334
L11H9,11,9,sink rises,False,0.06919004023075104,0.176,0.36
L1H8,1,8,sink falls,True,-0.03280939906835556,0.3350000000000001,0.20800000000000005
L2H0,2,0,sink falls,True,-0.1071847677230835,0.4729999999999999,0.485
L2H4,2,4,sink falls,True,-0.3466293215751648,0.418,0.45
L3H3,3,3,sink falls,True,-0.23151585459709167,0.36500000000000005,0.28200000000000003
L6H4,6,4,sink falls,True,-0.06996885687112808,0.21900000000000003,0.264
L6H8,6,8,sink falls,True,-0.205634206533432,0.397,0.28900000000000003
L7H0,7,0,sink falls,True,-0.2528761625289917,0.32400000000000007,0.35000000000000003
L10H9,10,9,sink falls,True,-0.34551793336868286,0.21899999999999997,0.207
L4H0,4,0,sink falls,False,-0.22652485966682434,0.124,0.209
L5H2,5,2,sink falls,False,-0.3217740058898926,0.19599999999999995,0.237
L5H6,5,6,sink falls,False,-0.10105107724666595,0.211,0.18099999999999997
L8H2,8,2,sink falls,False,-0.10477779805660248,0.05400000000000002,0.252
L9H8,9,8,sink falls,False,-0.18267133831977844,0.23099999999999998,0.09
L0H6,0,6,label mix only,False,0.00040894560515880585,0.34099999999999997,0.054000000000000034
L1H0,1,0,label mix only,False,0.010811468586325645,0.10999999999999999,0.201
L3H2,3,2,label mix only,False,0.014278434216976166,0.15700000000000003,0.23099999999999998
L10H0,10,0,label mix only,False,-0.003244444727897644,0.22599999999999998,0.022000000000000013
L0H1,0,1,control,False,0.00020265337661840022,0.02800000000000001,0.0
L4H11,4,11,control,False,4.664616426452994e-06,0.009000000000000005,0.005000000000000003
L5H1,5,1,control,False,0.0007958710193634033,0.014000000000000007,0.0
